{
    "1": [
        [
            -3.58323909,
            -3.46358848,
            -2.13223735,
            -1.05448301,
            -0.58687544,
            0.56544642,
            1.08394628,
            2.13231813,
            3.434428,
            3.57572025
        ],
        [
            3.68727813,
            3.44011581,
            2.15326887,
            1.09067898,
            0.58003016,
            -0.5821262,
            -1.08067317,
            -2.16673542,
            -3.4670983,
            -3.69628418
        ]
    ],
    "2": [
        [
            -7.41965194,
            -7.53148123
        ]
    ]
}